{"cameraMode":{"drawMode":0,"name":"Shaded","section":"Shading Mode"},"sceneLighting":true,"audioPlay":false,"sceneViewState":{"showFog":true,"showMaterialUpdate":true,"showSkybox":true,"showFlares":true,"showImageEffects":true,"showParticleSystems":true},"in2DMode":false,"pivot":{"x":1.3459484577178956,"y":5.652054786682129,"z":9.405167579650879},"rotation":{"x":-0.027448561042547227,"y":0.9349469542503357,"z":-0.3458559513092041,"w":-0.07420230656862259},"size":0.8660253882408142,"orthographic":false}