{"cameraMode":{"drawMode":0,"name":"Shaded","section":"Shading Mode"},"sceneLighting":true,"audioPlay":false,"sceneViewState":{"showFog":true,"showMaterialUpdate":true,"showSkybox":true,"showFlares":true,"showImageEffects":true,"showParticleSystems":true},"in2DMode":false,"pivot":{"x":-0.41506245732307436,"y":3.1076836585998537,"z":-0.09785405546426773},"rotation":{"x":0.10119455307722092,"y":-0.861047625541687,"z":0.18893185257911683,"w":0.4611685276031494},"size":1.3659238815307618,"orthographic":false}