{"cameraMode":{"drawMode":0,"name":"Shaded","section":"Shading Mode"},"sceneLighting":true,"audioPlay":false,"sceneViewState":{"showFog":true,"showMaterialUpdate":true,"showSkybox":true,"showFlares":true,"showImageEffects":true,"showParticleSystems":true},"in2DMode":false,"pivot":{"x":4.817988395690918,"y":4.609436988830566,"z":0.5903870463371277},"rotation":{"x":0.22238470613956452,"y":-0.7775729298591614,"z":0.4107614755630493,"w":0.4209742546081543},"size":1.3659238815307618,"orthographic":false}