{"cameraMode":{"drawMode":0,"name":"Shaded","section":"Shading Mode"},"sceneLighting":true,"audioPlay":false,"sceneViewState":{"showFog":true,"showMaterialUpdate":true,"showSkybox":true,"showFlares":true,"showImageEffects":true,"showParticleSystems":true},"in2DMode":false,"pivot":{"x":-0.37349840998649599,"y":0.8027992844581604,"z":2.080390691757202},"rotation":{"x":0.08085530996322632,"y":-0.730218768119812,"z":0.1369459629058838,"w":0.6644604206085205},"size":0.24976038932800294,"orthographic":false}